{
  "app.py": {
    "size": 104992,
    "lines": 2045,
    "mtime": 1771196439.4893734,
    "hash": "b140dbc6085e47a1169880ffa263830d"
  },
  "database.py": {
    "size": 9562,
    "lines": 305,
    "mtime": 1771133860.0025995,
    "hash": "bc4015122e0b627b2b7bb79ee0e15624"
  },
  "llm_service.py": {
    "size": 21547,
    "lines": 484,
    "mtime": 1771087849.6629028,
    "hash": "231570e56db875cb41ed377c8650f064"
  },
  "config.py": {
    "size": 3816,
    "lines": 133,
    "mtime": 1771135887.173634,
    "hash": "1585fb08a032d24d7f83cbe71182379e"
  },
  "rag_qa_module.py": {
    "size": 17966,
    "lines": 407,
    "mtime": 1771155566.7995615,
    "hash": "505f4956baa599ae52281c196f296235"
  }
}